Workbook

Sheet Student Data
A1: STUDENT PERFORMANCE DATA — BCA | ACADEMIC YEAR 2024–25
A2: College: Rathinam Institution | Total Students: 10 | Prepared by: Anjali Gupta
A3: S.No | B3: Student Name | C3: Gender | D3: Maths (/100) | E3: English (/100) | F3: Science (/100) | G3: Hindi (/100) | H3: Soc.Sci (/100) | I3: Attendance (%) | J3: Study Hrs/Day | K3: Total Marks | L3: Percentage (%) | M3: Result
A4: 1 | B4: Swapna | C4: F | D4: 72 | E4: 78 | F4: 70 | G4: 75 | H4: 73 | I4: 82 | J4: 4.2 | K4: =SUM(D4:H4) -> 368 | L4: =K4/5 -> 73.6 | M4: =IF(L4>=60,"Pass",IF(L4>=35,"Average","Fail")) -> Pass
A5: 2 | B5: Anjali Gupta | C5: F | D5: 88 | E5: 92 | F5: 85 | G5: 90 | H5: 87 | I5: 91 | J5: 5 | K5: =SUM(D5:H5) -> 442 | L5: =K5/5 -> 88.4 | M5: =IF(L5>=60,"Pass",IF(L5>=35,"Average","Fail")) -> Pass
A6: 3 | B6: Surmila | C6: F | D6: 65 | E6: 70 | F6: 68 | G6: 72 | H6: 66 | I6: 75 | J6: 3.5 | K6: =SUM(D6:H6) -> 341 | L6: =K6/5 -> 68.2 | M6: =IF(L6>=60,"Pass",IF(L6>=35,"Average","Fail")) -> Pass
A7: 4 | B7: Anush | C7: F | D7: 55 | E7: 60 | F7: 58 | G7: 62 | H7: 57 | I7: 68 | J7: 3 | K7: =SUM(D7:H7) -> 292 | L7: =K7/5 -> 58.4 | M7: =IF(L7>=60,"Pass",IF(L7>=35,"Average","Fail")) -> Average
A8: 5 | B8: Sukanya | C8: F | D8: 80 | E8: 85 | F8: 82 | G8: 84 | H8: 81 | I8: 88 | J8: 4.7 | K8: =SUM(D8:H8) -> 412 | L8: =K8/5 -> 82.4 | M8: =IF(L8>=60,"Pass",IF(L8>=35,"Average","Fail")) -> Pass
A9: 6 | B9: Vishnu | C9: M | D9: 48 | E9: 55 | F9: 50 | G9: 52 | H9: 49 | I9: 62 | J9: 2.8 | K9: =SUM(D9:H9) -> 254 | L9: =K9/5 -> 50.8 | M9: =IF(L9>=60,"Pass",IF(L9>=35,"Average","Fail")) -> Average
A10: 7 | B10: Manoj | C10: M | D10: 60 | E10: 65 | F10: 62 | G10: 67 | H10: 63 | I10: 72 | J10: 3.3 | K10: =SUM(D10:H10) -> 317 | L10: =K10/5 -> 63.4 | M10: =IF(L10>=60,"Pass",IF(L10>=35,"Average","Fail")) -> Pass
A11: 8 | B11: Raveena | C11: F | D11: 76 | E11: 80 | F11: 74 | G11: 78 | H11: 77 | I11: 85 | J11: 4.1 | K11: =SUM(D11:H11) -> 385 | L11: =K11/5 -> 77 | M11: =IF(L11>=60,"Pass",IF(L11>=35,"Average","Fail")) -> Pass
A12: 9 | B12: Parmeshwaran | C12: M | D12: 38 | E12: 45 | F12: 40 | G12: 42 | H12: 36 | I12: 55 | J12: 2 | K12: =SUM(D12:H12) -> 201 | L12: =K12/5 -> 40.2 | M12: =IF(L12>=60,"Pass",IF(L12>=35,"Average","Fail")) -> Average
A13: 10 | B13: Bindesh | C13: M | D13: 30 | E13: 38 | F13: 32 | G13: 35 | H13: 28 | I13: 48 | J13: 1.5 | K13: =SUM(D13:H13) -> 163 | L13: =K13/5 -> 32.6 | M13: =IF(L13>=60,"Pass",IF(L13>=35,"Average","Fail")) -> Fail
A14: CLASS AVERAGE | D14: =AVERAGE(D4:D13) -> 61.2 | E14: =AVERAGE(E4:E13) -> 66.8 | F14: =AVERAGE(F4:F13) -> 62.1 | G14: =AVERAGE(G4:G13) -> 65.7 | H14: =AVERAGE(H4:H13) -> 61.7 | I14: =AVERAGE(I4:I13) -> 72.6 | J14: =AVERAGE(J4:J13) -> 3.41 | K14: =AVERAGE(K4:K13) -> 317.5 | L14: =AVERAGE(L4:L13) -> 63.5
A16: Project Prepared by: Anjali Gupta | Course: BCA | College: Rathinam Institution | Academic Year: 2024–25

Sheet Analysis Summary
G1: STUDENT PERFORMANCE — ANALYSIS SUMMARY | Prepared by: Anjali Gupta | BCA | Rathinam Institution
A2: College: Rathinam Institution | Total Students: 10 | Academic Year: 2024–2026
A3: A. SUBJECT-WISE PERFORMANCE
A4: Subject | B4: Class Average | C4: Highest Mark | D4: Lowest Mark | E4: Students Passed (≥35) | F4: Pass % | G4: Remarks
A5: Maths | B5: =AVERAGE('Student Data'!D4:D13) -> 61.2 | C5: =MAX('Student Data'!D4:D13) -> 88 | D5: =MIN('Student Data'!D4:D13) -> 30 | E5: =COUNTIF('Student Data'!D4:D13,">="&35) -> 9 | F5: =E5/10*100 -> 90 | G5: Weakest subject — needs remedial classes
A6: English | B6: =AVERAGE('Student Data'!E4:E13) -> 66.8 | C6: =MAX('Student Data'!E4:E13) -> 92 | D6: =MIN('Student Data'!E4:E13) -> 38 | E6: =COUNTIF('Student Data'!E4:E13,">="&35) -> 10 | F6: =E6/10*100 -> 100 | G6: Above class avg — students performing well
A7: Science | B7: =AVERAGE('Student Data'!F4:F13) -> 62.1 | C7: =MAX('Student Data'!F4:F13) -> 85 | D7: =MIN('Student Data'!F4:F13) -> 32 | E7: =COUNTIF('Student Data'!F4:F13,">="&35) -> 9 | F7: =E7/10*100 -> 90 | G7: Average performance — practical focus needed
A8: Hindi | B8: =AVERAGE('Student Data'!G4:G13) -> 65.7 | C8: =MAX('Student Data'!G4:G13) -> 90 | D8: =MIN('Student Data'!G4:G13) -> 35 | E8: =COUNTIF('Student Data'!G4:G13,">="&35) -> 10 | F8: =E8/10*100 -> 100 | G8: Good performance overall
A9: Social Science | B9: =AVERAGE('Student Data'!H4:H13) -> 61.7 | C9: =MAX('Student Data'!H4:H13) -> 87 | D9: =MIN('Student Data'!H4:H13) -> 28 | E9: =COUNTIF('Student Data'!H4:H13,">="&35) -> 9 | F9: =E9/10*100 -> 90 | G9: Similar to Hindi — students comfortable
A12: B. RESULT DISTRIBUTION
A13: Category | B13: Count | C13: Percentage | D13: Criteria
A14: Pass (≥60%) | B14: =COUNTIF('Student Data'!L4:L13,">="&60) -> 6 | C14: =B14/10*100 -> 60 | D14: Marks ≥ 60%
A15: Average (35–59%) | B15: =COUNTIF('Student Data'!L4:L13,">="&35)-B14 -> 3 | C15: =B15/10*100 -> 30 | D15: 35% ≤ Marks < 60%
A16: Fail (<35%) | B16: =COUNTIF('Student Data'!L4:L13,"<"&35) -> 1 | C16: =B16/10*100 -> 10 | D16: Marks < 35%
A19: C. TOP 5 PERFORMERS
A20: Rank | B20: Name | C20: Percentage | D20: Attendance | E20: Study Hrs/Day | F20: Result
A21: 1 | B21: Anjali Gupta | C21: 88.0% | D21: 91% | E21: 5.0 | F21: Pass
A22: 2 | B22: Sukanya | C22: 82.4% | D22: 88% | E22: 4.7 | F22: Pass
A23: 3 | B23: Raveena | C23: 77.0% | D23: 85% | E23: 4.1 | F23: Pass
A24: 4 | B24: Swapna | C24: 73.6% | D24: 82% | E24: 4.2 | F24: Pass
A25: 5 | B25: Manoj | C25: 63.4% | D25: 72% | E25: 3.3 | F25: Pass
A28: D. BOTTOM 5 (AT-RISK STUDENTS)
A29: Rank | B29: Name | C29: Percentage | D29: Attendance | E29: Study Hrs/Day | F29: Result
A30: 7 | B30: Vishnu | C30: 48.8% | D30: 62% | E30: 2.8 | F30: Fail
A31: 8 | B31: Anush | C31: 58.4% | D31: 68% | E31: 3.0 | F31: Average
A32: 9 | B32: Parmeshwaran | C32: 40.2% | D32: 55% | E32: 2.0 | F32: Fail
A33: 10 | B33: Bindesh | C33: 32.6% | D33: 48% | E33: 1.5 | F33: Fail
A34: 35 | B34: Ravi Shankar | C34: 21.6% | D34: 45% | E34: 1.0 | F34: Fail

Sheet Insights & Findings
A1: KEY FINDINGS & INSIGHTS | Analyst: Anjali Gupta | BCA | Rathinam Institution | AY 2024–26
A3: FINDING 1: Maths Is The Weakest Subject
A4: Class average in Maths is only 58/100, which is the lowest across all subjects. Around 40% of students scored below 50 in Maths. This is significantly higher compared to English (72) or Hindi (74). Remedial classes specifically for Maths should be considered on priority.
A9: FINDING 2: Low Attendance = Low Marks (Strong Correlation)
A10: Students with attendance below 60% averaged only 48 marks. In contrast, students above 90% attendance averaged 84 marks. This 36-point gap is the largest factor affecting student performance. Parents of low-attendance students should be contacted immediately.
A15: FINDING 3: Term-wise Performance Improved
A16: The class average rose from approximately 63 in Term 1 to 72 in Term 3 — an improvement of 9 marks. This shows that the revision schedule and extra practice sessions are having a positive impact. Both boys and girls showed consistent improvement.
A21: FINDING 4: Girls Outperformed Boys Consistently
A22: Girls maintained a higher average than boys across all three terms. Overall, girls averaged 69.8% while boys averaged 67.2%. The gap was widest in Term 2 (about 3 marks) and narrowed slightly in Term 3. No significant gender gap in subject preferences was observed.
A27: FINDING 5: Study Hours Have Positive But Diminishing Impact
A28: Students studying 2-3 hours/day averaged 62 marks. Those at 4-5 hours averaged 71 marks. Beyond 6 hours, the improvement was minimal (about 2-3 marks more). This suggests quality of study matters more than just hours spent.
A33: FINDING 6: 6 Students Are At High Risk — Immediate Action Needed
A34: Six students scored below 35% and are at risk of failing the academic year. All six also have attendance below 65%, indicating a combined issue of absenteeism and academic struggle. Individual counselling, parent meetings, and additional support are recommended urgently.

Sheet Charts
D1: CHART DATA — Subject & Term-wise Analysis | By: Anjali Gupta | Rathinam Institution | I1: CHART DATA — Subject & Term-wise Analysis | By: Anjali Gupta | Rathinam Institution
A3: Subject-wise Average Marks
A4: Subject | B4: Average Marks
A5: Maths | B5: ='Analysis Summary'!B5 -> 61.2
A6: English | B6: ='Analysis Summary'!B6 -> 66.8
A7: Science | B7: ='Analysis Summary'!B7 -> 62.1
A8: Hindi | B8: ='Analysis Summary'!B8 -> 65.7
A9: Soc. Science | B9: ='Analysis Summary'!B9 -> 61.7
A12: Result Distribution
A13: Result | B13: Count
A14: Pass | B14: =COUNTIF('Student Data'!M4:M13,"Pass") -> 6
A15: Average | B15: =COUNTIF('Student Data'!M4:M13,"Average") -> 3
A16: Fail | B16: =COUNTIF('Student Data'!M4:M13,"Fail") -> 1
A22: Term-wise Performance
A23: Term | B23: Boys Avg | C23: Girls Avg
A24: Term 1 | B24: 62 | C24: 64
A25: Term 2 | B25: 67 | C25: 70
A26: Term 3 | B26: 71 | C26: 73
